"name_0,C,75","name_1,C,75","engtype_1,C,50","gdp,N,9,0","Population,N,9,0","unemployme,N,9,0"
South Africa,Northern Cape,Province,71142,1145861,25
South Africa,Western Cape,Province,485545,5822734,26
South Africa,North West,Province,239020,3509953,36
South Africa, Free State,Province,179776,2745590,38
South Africa,Gauteng,Province,1194140,12272263,37
South Africa,Mpumalanga,Province,269863,4039939,38
South Africa,Limpopo,Province,256896,5404868,33
South Africa,KwaZulu-Natal,Province,565226,10267300,26
South Africa,Eastern Cape,Province,272714,6562053,47
