[
  {
    "model": "rir_data.scenariolevel",
    "pk": 1,
    "fields": {
      "name": "Best Case",
      "description": "",
      "level": 1,
      "color": "black",
      "background_color": "#CDFACD"
    }
  },
  {
    "model": "rir_data.scenariolevel",
    "pk": 2,
    "fields": {
      "name": "Status Quo / Baseline",
      "description": "",
      "level": 2,
      "color": "black",
      "background_color": "#F9E61E"
    }
  },
  {
    "model": "rir_data.scenariolevel",
    "pk": 3,
    "fields": {
      "name": "Worsening",
      "description": "",
      "level": 3,
      "color": "white",
      "background_color": "#E67800"
    }
  },
  {
    "model": "rir_data.scenariolevel",
    "pk": 4,
    "fields": {
      "name": "Worst Case",
      "description": "",
      "level": 4,
      "color": "white",
      "background_color": "#C80F00"
    }
  },
  {
    "model": "rir_data.indicatorgroup",
    "pk": 1,
    "fields": {
      "name": "Changes in COVID-19",
      "description": ""
    }
  },
  {
    "model": "rir_data.indicatorgroup",
    "pk": 2,
    "fields": {
      "name": "Changes in the Socio-economic Status",
      "description": ""
    }
  },
  {
    "model": "rir_data.indicatorfrequency",
    "pk": 1,
    "fields": {
      "name": "Biweekly",
      "description": "",
      "frequency": 14
    }
  },
  {
    "model": "rir_data.indicatorfrequency",
    "pk": 2,
    "fields": {
      "name": "Monthly",
      "description": "",
      "frequency": 31
    }
  },
  {
    "model": "rir_data.indicator",
    "pk": 1,
    "fields": {
      "name": "Biweekly change in Confirmed COVID-19 cases",
      "description": "",
      "group": 1,
      "frequency": 1,
      "show_in_traffic_light": true,
      "geometry_reporting_level": 1,
      "unit": "per 2 weeks",
      "aggregation_behaviour": "Use all available populated geography in current time window",
      "aggregation_method": "Aggregate data by sum all data."
    }
  },
  {
    "model": "rir_data.indicator",
    "pk": 2,
    "fields": {
      "name": "Travel Restrictions - Air",
      "description": "",
      "group": 1,
      "frequency": 1,
      "show_in_traffic_light": false,
      "geometry_reporting_level": 1,
      "unit": "Open",
      "aggregation_behaviour": "Use all available populated geography in current time window",
      "aggregation_method": "Aggregate data by sum all data."
    }
  },
  {
    "model": "rir_data.indicator",
    "pk": 3,
    "fields": {
      "name": "Travel Restrictions - Sea",
      "description": "",
      "group": 1,
      "frequency": 1,
      "show_in_traffic_light": false,
      "geometry_reporting_level": 1,
      "unit": "Open",
      "aggregation_behaviour": "Use all available populated geography in current time window",
      "aggregation_method": "Aggregate data by sum all data."
    }
  },
  {
    "model": "rir_data.indicator",
    "pk": 4,
    "fields": {
      "name": "Travel Restrictions - Roads",
      "description": "",
      "group": 1,
      "frequency": 1,
      "show_in_traffic_light": false,
      "geometry_reporting_level": 1,
      "unit": "Open",
      "aggregation_behaviour": "Use all available populated geography in current time window",
      "aggregation_method": "Aggregate data by sum all data."
    }
  },
  {
    "model": "rir_data.indicator",
    "pk": 5,
    "fields": {
      "name": "IPC Phase",
      "description": "",
      "group": 2,
      "frequency": 2,
      "show_in_traffic_light": true,
      "geometry_reporting_level": 3,
      "unit": null,
      "aggregation_behaviour": "Use all available populated geography in current time window",
      "aggregation_method": "Aggregate data by majority data in the levels."
    }
  },
  {
    "model": "rir_data.indicatorscenariorule",
    "pk": 1,
    "fields": {
      "name": "<100 cases",
      "indicator": 1,
      "scenario_level": 1,
      "rule": "x<100"
    }
  },
  {
    "model": "rir_data.indicatorscenariorule",
    "pk": 2,
    "fields": {
      "name": "101-200 cases",
      "indicator": 1,
      "scenario_level": 2,
      "rule": "x>=100 and x<= 200"
    }
  },
  {
    "model": "rir_data.indicatorscenariorule",
    "pk": 3,
    "fields": {
      "name": "200-400 cases",
      "indicator": 1,
      "scenario_level": 3,
      "rule": "x>=201 and x<= 400"
    }
  },
  {
    "model": "rir_data.indicatorscenariorule",
    "pk": 4,
    "fields": {
      "name": ">400 cases",
      "indicator": 1,
      "scenario_level": 4,
      "rule": "x>400"
    }
  },
  {
    "model": "rir_data.indicatorscenariorule",
    "pk": 5,
    "fields": {
      "name": "All airports Open",
      "indicator": 2,
      "scenario_level": 1,
      "rule": "x>=12"
    }
  },
  {
    "model": "rir_data.indicatorscenariorule",
    "pk": 6,
    "fields": {
      "name": "All 12 airports Open",
      "indicator": 2,
      "scenario_level": 2,
      "rule": "x>=12"
    }
  },
  {
    "model": "rir_data.indicatorscenariorule",
    "pk": 7,
    "fields": {
      "name": "One or more restricted",
      "indicator": 2,
      "scenario_level": 3,
      "rule": "x<=11 and x>=1"
    }
  },
  {
    "model": "rir_data.indicatorscenariorule",
    "pk": 8,
    "fields": {
      "name": "All closed",
      "indicator": 2,
      "scenario_level": 4,
      "rule": "x==0"
    }
  },
  {
    "model": "rir_data.indicatorscenariorule",
    "pk": 9,
    "fields": {
      "name": "All seaports Open",
      "indicator": 3,
      "scenario_level": 1,
      "rule": "x>=8"
    }
  },
  {
    "model": "rir_data.indicatorscenariorule",
    "pk": 10,
    "fields": {
      "name": "All 8 seaports Open",
      "indicator": 3,
      "scenario_level": 2,
      "rule": "x>=8"
    }
  },
  {
    "model": "rir_data.indicatorscenariorule",
    "pk": 11,
    "fields": {
      "name": "One or more closed",
      "indicator": 3,
      "scenario_level": 3,
      "rule": "x<=8 and x>=1"
    }
  },
  {
    "model": "rir_data.indicatorscenariorule",
    "pk": 12,
    "fields": {
      "name": "All closed",
      "indicator": 3,
      "scenario_level": 4,
      "rule": "x==0"
    }
  },
  {
    "model": "rir_data.indicatorscenariorule",
    "pk": 13,
    "fields": {
      "name": "All crossings Open",
      "indicator": 4,
      "scenario_level": 1,
      "rule": "x>=21"
    }
  },
  {
    "model": "rir_data.indicatorscenariorule",
    "pk": 14,
    "fields": {
      "name": "Lesser than five closed",
      "indicator": 4,
      "scenario_level": 2,
      "rule": "x>=17"
    }
  },
  {
    "model": "rir_data.indicatorscenariorule",
    "pk": 15,
    "fields": {
      "name": "Five or more closed",
      "indicator": 4,
      "scenario_level": 3,
      "rule": "x<21 and x>=16"
    }
  },
  {
    "model": "rir_data.indicatorscenariorule",
    "pk": 16,
    "fields": {
      "name": "All closed",
      "indicator": 4,
      "scenario_level": 4,
      "rule": "x==0"
    }
  },
  {
    "model": "rir_data.indicatorscenariorule",
    "pk": 17,
    "fields": {
      "name": "Minimal",
      "indicator": 5,
      "scenario_level": 1,
      "rule": "x==1"
    }
  },
  {
    "model": "rir_data.indicatorscenariorule",
    "pk": 18,
    "fields": {
      "name": "Stressed",
      "indicator": 5,
      "scenario_level": 2,
      "rule": "x==2"
    }
  },
  {
    "model": "rir_data.indicatorscenariorule",
    "pk": 19,
    "fields": {
      "name": "Crisis",
      "indicator": 5,
      "scenario_level": 3,
      "rule": "x==3"
    }
  },
  {
    "model": "rir_data.indicatorscenariorule",
    "pk": 20,
    "fields": {
      "name": "Emergency/Famine",
      "indicator": 5,
      "scenario_level": 4,
      "rule": "x==4 and x==5"
    }
  },
  {
    "model": "rir_data.harvester",
    "pk": 1,
    "fields": {
      "harvester_class": "rir_data.harvester.ipc.PopulationTrackingTool",
      "indicator": 5,
      "is_run": false,
      "active": true
    }
  },
  {
    "model": "rir_data.harvester",
    "pk": 2,
    "fields": {
      "harvester_class": "rir_data.harvester.basic.BasicAPI",
      "indicator": 1,
      "is_run": false,
      "active": true
    }
  },
  {
    "model": "rir_data.harvester",
    "pk": 3,
    "fields": {
      "harvester_class": "rir_data.harvester.basic.BasicAPI",
      "indicator": 4,
      "is_run": false,
      "active": true
    }
  },
  {
    "model": "rir_data.harvester",
    "pk": 4,
    "fields": {
      "harvester_class": "rir_data.harvester.basic.BasicAPI",
      "indicator": 3,
      "is_run": false,
      "active": true
    }
  },
  {
    "model": "rir_data.harvester",
    "pk": 5,
    "fields": {
      "harvester_class": "rir_data.harvester.basic.BasicAPI",
      "indicator": 2,
      "is_run": false,
      "active": true
    }
  },
  {
    "model": "rir_data.harvesterattribute",
    "pk": 1,
    "fields": {
      "harvester": 1,
      "name": "country_code",
      "value": "SO"
    }
  },
  {
    "model": "rir_data.harvesterattribute",
    "pk": 2,
    "fields": {
      "harvester": 2,
      "name": "api_url",
      "value": "https://services3.arcgis.com/7J7WB6yJX0pYke9q/arcgis/rest/services/owid_covid_data/FeatureServer/0/query?f=json&where=(location%20=%20%27Somalia%27)%20AND%20(date%20BETWEEN%20CURRENT_TIMESTAMP%20-14%20AND%20CURRENT_TIMESTAMP)&returnGeometry=false&spatialRel=esriSpatialRelIntersects&outFields=*&outStatistics=[%7B%22statisticType%22:%22sum%22,%22onStatisticField%22:%22new_cases%22,%22outStatisticFieldName%22:%22value%22%7D]&resultType=standard"
    }
  },
  {
    "model": "rir_data.harvesterattribute",
    "pk": 3,
    "fields": {
      "harvester": 2,
      "name": "data_keys",
      "value": "features.0.attributes.value"
    }
  },
  {
    "model": "rir_data.harvesterattribute",
    "pk": 4,
    "fields": {
      "harvester": 2,
      "name": "geometry",
      "value": "SO"
    }
  },
  {
    "model": "rir_data.harvesterattribute",
    "pk": 5,
    "fields": {
      "harvester": 3,
      "name": "api_url",
      "value": "https://services3.arcgis.com/7J7WB6yJX0pYke9q/arcgis/rest/services/Somalia_Roads_Control/FeatureServer/1/query?f=json&returnGeometry=false&spatialRel=esriSpatialRelIntersects&outFields=*&outStatistics=[{\"statisticType\":\"exceedslimit\",\"outStatisticFieldName\":\"exceedslimit\",\"maxPointCount\":4000,\"maxRecordCount\":2000,\"maxVertexCount\":250000}]&token=q9iFivR3aibdP1ZcFlPSxi7poRrj8MRpC4NRn92L9p2TwcfwKxioeuXQ32mIuo_hywYWfdQC_pIkcDftBy8RTdwykJc-fsgDNiip8sZCqyZqaKNOvViRFGeW26ToSaIi_mxVTdAHCrbViB92xrDe6BebNMyXMzkNljqkbVRmr3ePaPptzWTaCElmSAr2EXHJU5gundhQ2bGE4kexMemFuJzJIHIcZyV2pqyB_gbfM0LS6qeGi4JvVj0-TfDTUdn7WQuK2XvaGaxzZkYp2AJSjDcPb_ytUb_ttQo3p8L2QfbyTzM1i9pae0jm3ijywSBb"
    }
  },
  {
    "model": "rir_data.harvesterattribute",
    "pk": 6,
    "fields": {
      "harvester": 3,
      "name": "data_keys",
      "value": "features.0.attributes.value"
    }
  },
  {
    "model": "rir_data.harvesterattribute",
    "pk": 7,
    "fields": {
      "harvester": 3,
      "name": "geometry",
      "value": "SO"
    }
  },
  {
    "model": "rir_data.harvesterattribute",
    "pk": 8,
    "fields": {
      "harvester": 4,
      "name": "api_url",
      "value": "https://services6.arcgis.com/iEFoPS2vWoeRJSAA/arcgis/rest/services/Sea_Ports/FeatureServer/0/query?f=json&where=status='Open'&returnGeometry=false&spatialRel=esriSpatialRelIntersects&outFields=*&outStatistics=[{\"statisticType\":\"count\",\"onStatisticField\":\"FID\",\"outStatisticFieldName\":\"value\"}]&resultType=standard&cacheHint=true"
    }
  },
  {
    "model": "rir_data.harvesterattribute",
    "pk": 9,
    "fields": {
      "harvester": 4,
      "name": "data_keys",
      "value": "features.0.attributes.value"
    }
  },
  {
    "model": "rir_data.harvesterattribute",
    "pk": 10,
    "fields": {
      "harvester": 4,
      "name": "geometry",
      "value": "SO"
    }
  },
  {
    "model": "rir_data.harvesterattribute",
    "pk": 11,
    "fields": {
      "harvester": 5,
      "name": "api_url",
      "value": "https://services6.arcgis.com/iEFoPS2vWoeRJSAA/arcgis/rest/services/Airport/FeatureServer/0/query?f=json&where=Status='Open'&returnGeometry=false&spatialRel=esriSpatialRelIntersects&outFields=*&outStatistics=[{\"statisticType\":\"count\",\"onStatisticField\":\"FID\",\"outStatisticFieldName\":\"value\"}]&resultType=standard&cacheHint=true"
    }
  },
  {
    "model": "rir_data.harvesterattribute",
    "pk": 12,
    "fields": {
      "harvester": 5,
      "name": "data_keys",
      "value": "features.0.attributes.value"
    }
  },
  {
    "model": "rir_data.harvesterattribute",
    "pk": 13,
    "fields": {
      "harvester": 5,
      "name": "geometry",
      "value": "SO"
    }
  },
  {
    "model": "rir_data.program",
    "pk": 1,
    "fields": {
      "name": "Health",
      "description": ""
    }
  },
  {
    "model": "rir_data.program",
    "pk": 2,
    "fields": {
      "name": "CP",
      "description": ""
    }
  },
  {
    "model": "rir_data.program",
    "pk": 3,
    "fields": {
      "name": "Nutrition",
      "description": ""
    }
  },
  {
    "model": "rir_data.program",
    "pk": 4,
    "fields": {
      "name": "Wash",
      "description": ""
    }
  },
  {
    "model": "rir_data.program",
    "pk": 5,
    "fields": {
      "name": "Education",
      "description": ""
    }
  },
  {
    "model": "rir_data.programintervention",
    "pk": 1,
    "fields": {
      "program": 1,
      "scenario_level": 1,
      "intervention_url": "https://docs.google.com/spreadsheets/d/e/2PACX-1vQ1HQNZ-zaiZ_NmywEKy9lEOxScdydgEU6e5fwqkb7uIwxDyenyORGDKDCE_UIHNPwIEtR6rGQPVWQ0/pubhtml?gid=0&single=true"
    }
  },
  {
    "model": "rir_data.programintervention",
    "pk": 2,
    "fields": {
      "program": 1,
      "scenario_level": 2,
      "intervention_url": "https://docs.google.com/spreadsheets/d/e/2PACX-1vQPiLdv1BE8ujuxDkI79jABGZehjdPHRmDS5LQWAHc_NyZ4oWaTvBjXNcCCABriOs2gO8bPFHOLCqcJ/pubhtml?gid=0&single=true"
    }
  },
  {
    "model": "rir_data.programintervention",
    "pk": 3,
    "fields": {
      "program": 1,
      "scenario_level": 3,
      "intervention_url": "https://docs.google.com/spreadsheets/d/e/2PACX-1vQXGWy9wfjiGhfK54-R7hwLwie8TP0w_dlRiHxlLpMPluzsIslXBZfi8hOddXdvG8TEQxJT_WHbatQ-/pubhtml?gid=0&single=true"
    }
  },
  {
    "model": "rir_data.programintervention",
    "pk": 4,
    "fields": {
      "program": 1,
      "scenario_level": 4,
      "intervention_url": "https://docs.google.com/spreadsheets/d/e/2PACX-1vRNlNFdPE1kamLoEHJ5N3BLkfjQeOkzCtzxWSvJEKzjR0rdjAokAgfIHzcL1Hsql3dGWmLoJWpkKAQ0/pubhtml?gid=0&single=true"
    }
  },
  {
    "model": "rir_data.programintervention",
    "pk": 5,
    "fields": {
      "program": 2,
      "scenario_level": 1,
      "intervention_url": "https://docs.google.com/spreadsheets/d/e/2PACX-1vRrCrJ-q7jlJ25t_slIQQheh2CXoWEhcTTdPfRapRu6BAWr4g9ramt2Gz5V6KXmHX7pSVnHantyPAkb/pubhtml?gid=0&single=true"
    }
  },
  {
    "model": "rir_data.programintervention",
    "pk": 6,
    "fields": {
      "program": 2,
      "scenario_level": 2,
      "intervention_url": "https://docs.google.com/spreadsheets/d/e/2PACX-1vQy-N2xG7pant5nKkX6TjGzDgeEDUaWa4QMUfqKQ7NUB5Be3n3gP-kFq9Iq3hn2bZDzkBZSeDPO2rz7/pubhtml?gid=0&single=true"
    }
  },
  {
    "model": "rir_data.programintervention",
    "pk": 7,
    "fields": {
      "program": 2,
      "scenario_level": 3,
      "intervention_url": "https://docs.google.com/spreadsheets/d/e/2PACX-1vT7jOTJH7j1N3TepYVE1GZkn92EIsmNDWJud6vGXzUjjAu5ZrVpwxzZ3Y_c0Md0Kpm8zl886xZlS8nP/pubhtml?gid=0&single=true"
    }
  },
  {
    "model": "rir_data.programintervention",
    "pk": 8,
    "fields": {
      "program": 2,
      "scenario_level": 4,
      "intervention_url": "https://docs.google.com/spreadsheets/d/e/2PACX-1vTu3N_wMjYspSLoAl3j9qS7pi0lFd2aWbkMTYLVN5eRL2v5o2HobiUrC0JPYTTf2HpvhG6utExdPnXa/pubhtml?gid=0&single=true"
    }
  },
  {
    "model": "rir_data.programintervention",
    "pk": 9,
    "fields": {
      "program": 3,
      "scenario_level": 1,
      "intervention_url": "https://docs.google.com/spreadsheets/d/e/2PACX-1vTJFp60HvHEyIWNyEkWNRurzx0tllrRggn1pydbhkcvXQt-SKf6KfE7cct2Pt0wnaRPhYcfF5OcKFL8/pubhtml?gid=0&single=true"
    }
  },
  {
    "model": "rir_data.programintervention",
    "pk": 10,
    "fields": {
      "program": 3,
      "scenario_level": 2,
      "intervention_url": "https://docs.google.com/spreadsheets/d/e/2PACX-1vQe-YC_rGqWbDVgALFzecPKNMYrm_aG7rNMHDLWGy7eGmM-Ea3jzITHog20c3qyyTkIukYwDeBl25RW/pubhtml?gid=0&single=true"
    }
  },
  {
    "model": "rir_data.programintervention",
    "pk": 11,
    "fields": {
      "program": 3,
      "scenario_level": 3,
      "intervention_url": "https://docs.google.com/spreadsheets/d/e/2PACX-1vRqULFDb_5cZz4AqSluBLv24AfXGzXoyjXwVMdGzK_0a5ZtmpbOrKdq_1nkiQhAHth7ym2mno6Q3zUl/pubhtml?gid=0&single=true"
    }
  },
  {
    "model": "rir_data.programintervention",
    "pk": 12,
    "fields": {
      "program": 3,
      "scenario_level": 4,
      "intervention_url": "https://docs.google.com/spreadsheets/d/e/2PACX-1vTUL5Arjs1oTxnUjcoFzI1h6q_Gxyw0otTLcXG0o4iHTcGrXb6Rl6aC6plHAUgZcMKvrzDnKfsHPqex/pubhtml?gid=0&single=true"
    }
  },
  {
    "model": "rir_data.programintervention",
    "pk": 13,
    "fields": {
      "program": 4,
      "scenario_level": 1,
      "intervention_url": "https://docs.google.com/spreadsheets/d/e/2PACX-1vTuw56iblh01bMepXpzlWQdIbtapHbjxChhCF3T2XE3T_sWSy9UxEyaqYQFwuIn3xmfSch0HI6ZN35p/pubhtml?gid=0&single=true"
    }
  },
  {
    "model": "rir_data.programintervention",
    "pk": 14,
    "fields": {
      "program": 4,
      "scenario_level": 2,
      "intervention_url": "https://docs.google.com/spreadsheets/d/e/2PACX-1vSM7FZo-ybn5hYADhtTE2qyis11eaw1DkTtgpjFcw6X3jgTkwiox5H2ftrmepZQGHlqvEc7rYhYbA6t/pubhtml?gid=0&single=true"
    }
  },
  {
    "model": "rir_data.programintervention",
    "pk": 15,
    "fields": {
      "program": 4,
      "scenario_level": 3,
      "intervention_url": "https://docs.google.com/spreadsheets/d/e/2PACX-1vR11KNFSxTj0WqjA5GboNVV1rIFPtKUr6ndcoN9Y5jqbuFANJZFHQLXzM11UA1xoNkGXBm9-A-WS-Jv/pubhtml?gid=0&single=true"
    }
  },
  {
    "model": "rir_data.programintervention",
    "pk": 16,
    "fields": {
      "program": 4,
      "scenario_level": 4,
      "intervention_url": "https://docs.google.com/spreadsheets/d/e/2PACX-1vSjFXv_WB4wwQYdkL-O28fjI2I8-beggKWtQFPdLqBt-oGJpnEZFPI4fqysZ04xpysXtXR470YclsBW/pubhtml?gid=0&single=true"
    }
  },
  {
    "model": "rir_data.programintervention",
    "pk": 17,
    "fields": {
      "program": 5,
      "scenario_level": 1,
      "intervention_url": "https://docs.google.com/spreadsheets/d/e/2PACX-1vTaoQdReWlkl0c85QnMFCFjDHC-X5UjwKlP2Kq99Cw8zDb3PM0TmpactrQ7Z4v18ba_We7RVQNZH-91/pubhtml?gid=612987696&single=true"
    }
  },
  {
    "model": "rir_data.programintervention",
    "pk": 18,
    "fields": {
      "program": 5,
      "scenario_level": 2,
      "intervention_url": "https://docs.google.com/spreadsheets/d/e/2PACX-1vQY2QGZ834R8kYPPrWnUp1jJYo0HYOVttj1OW-Vu6VDqwKPplekRDG7q1g1Kxcg0r1GwbZdUVgq2Aee/pubhtml?gid=539730413&single=true"
    }
  },
  {
    "model": "rir_data.programintervention",
    "pk": 19,
    "fields": {
      "program": 5,
      "scenario_level": 3,
      "intervention_url": "https://docs.google.com/spreadsheets/d/e/2PACX-1vQOUMSOBMbKFYznPWaBY7GM9ZuHx38BRM50TC9xn2N1vxebjuaEetKGY2_HkX4cqYRFCTcHQ5_bXWK1/pubhtml?gid=1968750185&single=true"
    }
  },
  {
    "model": "rir_data.programintervention",
    "pk": 20,
    "fields": {
      "program": 5,
      "scenario_level": 4,
      "intervention_url": "https://docs.google.com/spreadsheets/d/e/2PACX-1vTPMEm7r3dXx_S_DN1U-uXX2fcuB9ATb3vZqDXa146U14xb8PamkfFzvVo6bOlL4YEthjXgdrprF3qx/pubhtml?gid=1788004967&single=true"
    }
  }
]